pickup,delivery,distance,equipment,weight,date,predicted_rate
Lexington,Fort Wayne,360,Dry Van,32000,2025-12-01,803.922663390577
Lexington,Fort Wayne,360,Dry Van,32000,2025-12-02,803.922663390577
Lexington,Fort Wayne,360,Dry Van,32000,2025-12-03,803.922663390577
Lexington,Fort Wayne,360,Dry Van,32000,2025-12-04,803.922663390577
Lexington,Fort Wayne,360,Dry Van,32000,2025-12-05,803.922663390577
Lexington,Fort Wayne,360,Dry Van,32000,2025-12-06,803.922663390577
Lexington,Fort Wayne,360,Dry Van,32000,2025-12-07,803.922663390577
Lexington,Fort Wayne,360,Dry Van,32000,2025-12-08,803.922663390577
Lexington,Fort Wayne,360,Dry Van,32000,2025-12-09,803.922663390577
Lexington,Fort Wayne,360,Dry Van,32000,2025-12-10,803.922663390577
Lexington,Fort Wayne,360,Dry Van,32000,2025-12-11,803.922663390577
Lexington,Fort Wayne,360,Dry Van,32000,2025-12-12,803.922663390577
Lexington,Fort Wayne,360,Dry Van,32000,2025-12-13,803.922663390577
Lexington,Fort Wayne,360,Dry Van,32000,2025-12-14,803.922663390577
Lexington,Fort Wayne,360,Dry Van,32000,2025-12-15,803.922663390577
Lexington,Fort Wayne,360,Dry Van,32000,2025-12-16,803.922663390577
Lexington,Fort Wayne,360,Dry Van,32000,2025-12-17,803.922663390577
Lexington,Fort Wayne,360,Dry Van,32000,2025-12-18,803.922663390577
Lexington,Fort Wayne,360,Dry Van,32000,2025-12-19,803.922663390577
Lexington,Fort Wayne,360,Dry Van,32000,2025-12-20,803.922663390577
Lexington,Fort Wayne,360,Dry Van,32000,2025-12-21,803.922663390577
Lexington,Fort Wayne,360,Dry Van,32000,2025-12-22,803.922663390577
Lexington,Fort Wayne,360,Dry Van,32000,2025-12-23,803.922663390577
Lexington,Fort Wayne,360,Dry Van,32000,2025-12-24,803.922663390577
Lexington,Fort Wayne,360,Dry Van,32000,2025-12-25,803.922663390577
Lexington,Fort Wayne,360,Dry Van,32000,2025-12-26,803.922663390577
Lexington,Fort Wayne,360,Dry Van,32000,2025-12-27,803.922663390577
Lexington,Fort Wayne,360,Dry Van,32000,2025-12-28,803.922663390577
Lexington,Fort Wayne,360,Dry Van,32000,2025-12-29,803.922663390577
Lexington,Fort Wayne,360,Dry Van,32000,2025-12-30,803.922663390577
Lexington,Fort Wayne,360,Dry Van,32000,2025-12-31,803.922663390577
