actual_rate_bin,rows,mae,rmse,mean_error,median_error,actual_rate_mean,predicted_rate_mean
>10000,12,10542.873064563757,10711.740973913184,-10542.873064563757,-10036.695616795829,14328.359166666667,3785.4861021029087
6000-10000,38,1782.0064825564466,3179.4945239962904,-1722.833232931921,-134.68696172185673,6907.731052631578,5184.897819699659
4000-6000,700,182.69111782772308,440.3801076764812,-93.79406232092312,-53.83394161513979,4708.503242857143,4614.70918053622
3000-4000,671,107.71929554053709,177.17974653382154,-7.632553367430114,-30.14176577759099,3504.155394932936,3496.522841565506
2500-3000,436,96.77371648444456,186.79348233348395,-18.829507954995144,-26.120693964078782,2738.277247706422,2719.447739751427
<1000,805,84.92740137851595,351.61344814216056,68.70627114240955,2.189607117003675,691.9793043478261,760.6855754902357
2000-2500,620,80.25161199115152,140.28706013728433,-19.46002642196256,-25.519546369032696,2228.770209677419,2209.3101832554566
1500-2000,760,74.01242900305813,164.42876962587144,-19.92792499388823,-33.293192354975645,1741.4577105263159,1721.5297855324275
1000-1500,811,52.52163277508597,177.5745284368773,-2.157792098896756,-18.644086753096644,1242.3971393341553,1240.2393472352585
