load_id,pickup,delivery,pickup_lat,pickup_lon,delivery_lat,delivery_lon,distance,equipment,weight,date,market_index,quote_signal,posted_rate,predicted_rate,actual_rate,predicted_rate_per_mile,actual_rate_per_mile,error,absolute_error,squared_error,absolute_percentage_error,distance_bin,actual_rate_bin,weight_bin,route,error_squared_contribution,absolute_error_contribution
TR-046214,Columbia,Tucson,34.6357,-83.28506,30.92733,-113.23037,2023.4,Flatbed,34710.0,2025-10-20,0.89822,2.06797,17893.17,4142.101121782876,17893.17,2.0470994967791225,8.84312049026391,-13751.068878217122,13751.068878217122,189091895.2934715,76.85093741476285,>2000,>10000,30k-40k,Columbia -> Tucson,0.09043460918376438,0.021040430468211125
TR-043540,Milwaukee,Bakersfield,39.6218,-88.48008,33.28832,-116.67935,1893.0,Dry Van,30760.0,2025-10-03,1.08079,2.22972,17514.11,3826.978997665447,17514.11,2.0216476480007644,9.25203909138933,-13687.131002334554,13687.131002334554,187337555.0750677,78.14916659958487,1501-2000,>10000,30k-40k,Milwaukee -> Bakersfield,0.08959558289032925,0.020942599496400396
TR-047299,Boston,Bakersfield,39.27463,-69.5,33.28832,-116.67935,2979.1,Reefer,30585.0,2025-10-27,0.86501,2.09472,19110.3,6008.5269572532925,19110.3,2.016893342705277,6.414789701587728,-13101.773042746707,13101.773042746707,171656456.8636443,68.55869893589691,>2000,>10000,30k-40k,Boston -> Bakersfield,0.08209598072006498,0.020046946688840692
TR-046517,Toledo,Albuquerque,41.97663,-84.45902,35.39918,-109.59792,1684.3,Reefer,31536.0,2025-10-22,0.98632,2.05917,14784.38,3544.979250315233,14784.38,2.1047196166450357,8.77775930653684,-11239.400749684766,11239.400749684766,126324129.21201448,76.02213112544975,1501-2000,>10000,30k-40k,Toledo -> Albuquerque,0.06041545692922306,0.017197341681031788
TR-046367,Bakersfield,Columbia,33.28832,-116.67935,34.6357,-83.28506,2251.9,Dry Van,40729.0,2025-10-21,0.94743,2.19163,14403.14,4290.755374291115,14403.14,1.9053933897114057,6.395994493538789,-10112.384625708884,10112.384625708884,102260322.81827341,70.20958364432259,>2000,>10000,40k-50k,Bakersfield -> Columbia,0.048906762051982175,0.015472900868242998
TR-047537,Los Angeles,Richmond,28.56624,-116.70249,38.09122,-76.78906,2782.4,Dry Van,25730.0,2025-10-29,1.0341,2.39203,15003.55,4947.085191465496,15003.55,1.7779920900896693,5.39230520414031,-10056.464808534503,10056.464808534503,101132484.4452929,67.0272356111354,>2000,>10000,20k-30k,Los Angeles -> Richmond,0.04836736493861226,0.015387338281401736
TR-044268,Albany,Albuquerque,43.96975,-71.05842,35.39918,-109.59792,2492.6,Dry Van,25513.0,2025-10-08,1.0559,2.38846,14425.42,4408.493574942845,14425.42,1.7686325824211049,5.787298403273691,-10016.926425057154,10016.926425057154,100338815.0050083,69.43940921690428,>2000,>10000,20k-30k,Albany -> Albuquerque,0.04798778660955781,0.015326840830930926
TR-043303,Atlanta,Phoenix,34.84933,-86.2894,28.75668,-115.87725,2083.1,Reefer,40335.0,2025-10-01,0.9074,1.94613,13894.55,4175.292771646343,13894.55,2.004365019272403,6.670131054678124,-9719.257228353657,9719.257228353657,94463961.07090482,69.95014036693277,>2000,>10000,40k-50k,Atlanta -> Phoenix,0.045178093900529834,0.01487137892529758
TR-043385,Lexington,Lubbock,36.99152,-84.99876,29.87534,-99.85456,1187.0,Dry Van,25359.0,2025-10-02,0.95849,2.17408,11696.44,2331.6835891085934,11696.44,1.9643501171934237,9.853782645324348,-9364.756410891407,9364.756410891407,87698662.6353317,80.06501474714875,1001-1500,>10000,20k-30k,Lexington -> Lubbock,0.04194253946768096,0.014328959287464627
TR-047587,Corpus Christi,Las Vegas,28.61374,-95.89569,33.22353,-115.24994,1383.3,Flatbed,18645.0,2025-10-29,1.01713,2.02448,11596.28,2624.9712667903823,11596.28,1.8976153161211469,8.383055013373816,-8971.308733209618,8971.308733209618,80484380.38656317,77.36367812099758,1001-1500,>10000,10k-20k,Corpus Christi -> Las Vegas,0.03849225517762087,0.01372694728545536
TR-044345,Lexington,Albany,36.99152,-84.99876,43.96975,-71.05842,1040.0,Dry Van,36569.0,2025-10-08,1.04012,2.05845,10566.25,2116.7936508212906,10566.25,2.035378510405087,10.15985576923077,-8449.456349178708,8449.456349178708,71393312.5966764,79.96646254989905,1001-1500,>10000,30k-40k,Lexington -> Albany,0.03414438420533228,0.012928463989493849
TR-043887,Shreveport,Baltimore,32.54628,-92.31888,38.16908,-72.74564,1348.4,Reefer,25462.0,2025-10-05,0.86034,1.90892,11052.72,3008.171479151996,11052.72,2.2309192221536605,8.196914862058735,-8044.548520848003,8044.548520848003,64714760.904277794,72.78342815929476,1001-1500,>10000,20k-30k,Shreveport -> Baltimore,0.03095031704936947,0.012308916877667359
TR-045820,Atlanta,Baltimore,34.84933,-86.2894,38.16908,-72.74564,940.4,Dry Van,30598.0,2025-10-18,0.9171,2.16316,9522.01,1896.6959920111049,9522.01,2.0169034368471976,10.12548915355168,-7625.314007988895,7625.314007988895,58145413.72043167,80.0809283752999,751-1000,6000-10000,30k-40k,Atlanta -> Baltimore,0.027808477764076214,0.011667448589216018
TR-043643,Milwaukee,Baltimore,39.6218,-88.48008,38.16908,-72.74564,985.2,Dry Van,16150.0,2025-10-04,0.93795,2.21345,8236.26,1900.8008744350288,8236.26,1.929355333368888,8.359987819732034,-6335.459125564971,6335.459125564971,40138042.33170447,76.9215532968237,751-1000,6000-10000,10k-20k,Milwaukee -> Baltimore,0.019196318097269648,0.009693849139742394
TR-045286,Providence,Baton Rouge,37.37287,-69.5,30.50134,-92.65374,1590.7,Dry Van,30170.0,2025-10-14,0.93687,2.10491,9208.2,3079.5024394896686,9208.2,1.9359416857293448,5.788772238637078,-6128.697560510333,6128.697560510333,37560933.7882053,66.55695532797216,1501-2000,6000-10000,30k-40k,Providence -> Baton Rouge,0.01796379671609793,0.0093774844722712
TR-046668,Albuquerque,Lexington,35.39918,-109.59792,36.99152,-84.99876,1643.6,Dry Van,21757.0,2025-10-23,1.01507,2.20519,9305.14,3182.6663651505078,9305.14,1.9363995894077075,5.661438306157216,-6122.473634849492,6122.473634849492,37484683.40942714,65.79668478764954,1501-2000,6000-10000,20k-30k,Albuquerque -> Lexington,0.01792732940376699,0.009367961279836778
TR-047821,Los Angeles,Little Rock,28.56624,-116.70249,34.27518,-92.06214,1722.4,Reefer,41796.0,2025-10-30,1.03114,1.86271,9939.89,3858.906948621805,9939.89,2.240424377973644,5.770953320947514,-6080.983051378194,6080.983051378194,36978354.871148854,61.177568880321566,1501-2000,6000-10000,40k-50k,Los Angeles -> Little Rock,0.017685174004104208,0.009304476779515774
TR-044162,Baton Rouge,Detroit,30.50134,-92.65374,43.61923,-84.04517,1189.2,Flatbed,31603.0,2025-10-07,0.95007,2.02274,8425.34,2367.002325667407,8425.34,1.9904156791686909,7.084880591994618,-6058.337674332593,6058.337674332593,36703455.37623766,71.90615066374286,1001-1500,6000-10000,30k-40k,Baton Rouge -> Detroit,0.017553701270444606,0.009269827219879784
TR-047662,Phoenix,Oklahoma City,28.75668,-115.87725,31.88294,-98.58097,1261.3,Dry Van,35825.0,2025-10-30,1.06957,2.01821,8276.0,2550.3970912784293,8276.0,2.022038445475644,6.561484182985809,-5725.60290872157,5725.60290872157,32782528.668360904,69.1832154267952,1001-1500,6000-10000,30k-40k,Phoenix -> Oklahoma City,0.015678488829875974,0.008760711691320018
TR-045174,Corpus Christi,Atlanta,28.61374,-95.89569,34.84933,-86.2894,832.1,Dry Van,47500.0,2025-10-13,0.88212,1.87079,7004.3,1757.6956167903204,7004.3,2.112361034479414,8.417618074750632,-5246.60438320968,5246.60438320968,27526857.553915028,74.90547782376083,751-1000,6000-10000,40k-50k,Corpus Christi -> Atlanta,0.013164924922255012,0.008027798834896651
TR-043185,Fort Wayne,Atlanta,41.31561,-85.36206,34.84933,-86.2894,548.4,Reefer,26544.0,2025-10-01,0.94021,1.76816,6477.13,1320.5547307653487,6477.13,2.4080137322489947,11.810959153902262,-5156.575269234651,5156.575269234651,26590268.507282417,79.61203911662497,501-750,6000-10000,20k-30k,Fort Wayne -> Atlanta,0.0127169942255609,0.007890045811514817
TR-046614,Little Rock,Buffalo,34.27518,-92.06214,41.67681,-78.56704,1038.6,Flatbed,18497.0,2025-10-23,1.05025,2.01241,7151.41,2096.982430790766,7151.41,2.0190472085410804,6.885624879645677,-5054.427569209234,5054.427569209234,25547238.05238237,70.67735690177508,1001-1500,6000-10000,10k-20k,Little Rock -> Buffalo,0.012218157131515936,0.007733750210139636
TR-043727,Reno,Toledo,39.54838,-118.64843,41.97663,-84.45902,2117.6,Dry Van,25124.0,2025-10-04,0.94851,2.37759,8592.93,3696.42086479259,8592.93,1.7455708655046231,4.057862674726105,-4896.5091352074105,4896.5091352074105,23975801.711169623,56.982998060119314,>2000,6000-10000,20k-30k,Reno -> Toledo,0.011466605981456435,0.0074921201332568445
TR-047993,Cincinnati,Mobile,37.15706,-86.77499,31.80442,-88.25195,457.0,Reefer,34524.0,2025-10-31,1.00672,1.58343,5561.19,1154.6716792611487,5561.19,2.5266338714685967,12.16890590809628,-4406.518320738851,4406.518320738851,19417403.71100714,79.2369676407181,251-500,4000-6000,30k-40k,Cincinnati -> Mobile,0.009286518141049771,0.0067423880394689075
TR-044503,Columbia,Shreveport,34.6357,-83.28506,32.54628,-92.31888,650.2,Dry Van,21435.0,2025-10-09,1.06397,1.92558,5511.27,1364.6570268702735,5511.27,2.0988265562446533,8.476268840356813,-4146.612973129727,4146.612973129727,17194399.148927752,75.23879202306776,501-750,4000-6000,20k-30k,Columbia -> Shreveport,0.008223349629922602,0.006344708379573623
TR-043917,Nashville,Dayton,35.29479,-88.08915,39.87206,-85.62931,424.2,Dry Van,25622.0,2025-10-05,0.891,1.86875,4646.65,929.3152017655276,4646.65,2.190747764652352,10.953913248467703,-3717.334798234472,3717.334798234472,13818578.002164925,80.00031847103767,251-500,4000-6000,20k-30k,Nashville -> Dayton,0.00660883798938946,0.005687872342288408
TR-045988,Hartford,Fort Wayne,39.55328,-72.18051,41.31561,-85.36206,832.2,Flatbed,33558.0,2025-10-19,0.86136,1.92609,5308.55,1774.7280727047955,5308.55,2.132573987869257,6.378935352078827,-3533.8219272952047,3533.8219272952047,12487897.413832394,66.56849661951388,751-1000,4000-6000,30k-40k,Hartford -> Fort Wayne,0.005972430073716997,0.005407080366390744
TR-046174,Philadelphia,El Paso,39.22317,-72.9671,33.31075,-110.3123,2490.9,Dry Van,22411.0,2025-10-20,0.87879,2.40555,880.13,4328.088501933658,880.13,1.7375601196088395,0.3533381508691637,3447.958501933658,3447.958501933658,11888417.831056597,391.7555931434741,>2000,<1000,20k-30k,Philadelphia -> El Paso,0.005685724492296727,0.005275701238914779
TR-046731,Kansas City,Atlanta,39.41104,-91.1245,34.84933,-86.2894,479.3,Dry Van,36432.0,2025-10-23,1.07167,1.72672,4635.85,1207.7917796898769,4635.85,2.5199077398077963,9.672126017108283,-3428.0582203101235,3428.0582203101235,11751583.161835812,73.94670276885842,251-500,4000-6000,30k-40k,Kansas City -> Atlanta,0.0056202822912200185,0.0052452519338094085
TR-047504,Bakersfield,Montgomery,33.28832,-116.67935,31.37602,-86.10743,2063.5,Reefer,18258.0,2025-10-29,1.00768,2.06983,880.04,4248.498509876052,880.04,2.05887982063293,0.4264792827719893,3368.4585098760517,3368.4585098760517,11346512.732756391,382.76197785055814,>2000,<1000,10k-20k,Bakersfield -> Montgomery,0.005426554337471162,0.005154058763706097
TR-045022,Jacksonville,Reno,31.98691,-84.48897,39.54838,-118.64843,2304.8,Flatbed,32119.0,2025-10-12,0.89358,2.16823,1384.9,4689.451170819085,1384.9,2.034645596502553,0.6008764317945158,3304.5511708190847,3304.5511708190847,10920058.440561784,238.61298077977358,>2000,1000-1500,30k-40k,Jacksonville -> Reno,0.005222599391705226,0.0050562745161145135
TR-044423,Montgomery,Raleigh,31.37602,-86.10743,35.37376,-77.47605,679.7,Dry Van,33249.0,2025-10-08,1.06877,1.89541,4747.88,1459.9084566038584,4747.88,2.147871791384226,6.985258202148006,-3287.971543396142,3287.971543396142,10810756.870182807,69.25136152127142,501-750,4000-6000,30k-40k,Montgomery -> Raleigh,0.005170325100493254,0.005030906124677403
TR-043705,New York,Austin,40.00674,-73.7984,29.39553,-99.6978,1943.2,Reefer,37091.0,2025-10-04,0.92669,1.95753,785.33,3970.86321718774,785.33,2.0434660442505868,0.4041426512968299,3185.53321718774,3185.53321718774,10147621.877806472,405.6298902611309,1501-2000,<1000,30k-40k,New York -> Austin,0.004853175844685341,0.004874165837870894
TR-046583,Columbia,Shreveport,34.6357,-83.28506,32.54628,-92.31888,645.1,Reefer,13316.0,2025-10-22,1.04805,1.66524,4892.72,1726.5890048469223,4892.72,2.6764672218988097,7.58443652146954,-3166.130995153078,3166.130995153078,10024385.47846902,64.71106041533294,501-750,4000-6000,10k-20k,Columbia -> Shreveport,0.004794237117597118,0.0048444786108440725
TR-045419,Savannah,Dayton,33.60973,-82.29994,39.87206,-85.62931,566.1,Reefer,30448.0,2025-10-15,1.05078,1.77099,4350.23,1336.1252795488635,4350.23,2.3602283687490964,7.684561031619854,-3014.104720451136,3014.104720451136,9084827.26584582,69.28610028552826,501-750,4000-6000,30k-40k,Savannah -> Dayton,0.004344886395123774,0.004611864092617464
TR-046671,Grand Rapids,Tucson,43.438,-86.29173,30.92733,-113.23037,2021.2,Dry Van,38462.0,2025-10-23,0.99657,2.22763,849.97,3813.577956433856,849.97,1.886789014661516,0.4205274094597269,2963.607956433856,2963.607956433856,8782972.119438056,348.6720656533591,>2000,<1000,30k-40k,Grand Rapids -> Tucson,0.004200521920098933,0.004534599287853211
TR-043674,Milwaukee,Los Angeles,39.6218,-88.48008,28.56624,-116.70249,2071.4,Flatbed,44838.0,2025-10-04,0.90021,1.99833,1274.95,4157.607404612029,1274.95,2.007148500826508,0.6155015931254224,2882.6574046120295,2882.6574046120295,8309713.712364562,226.09964348500174,>2000,1000-1500,40k-50k,Milwaukee -> Los Angeles,0.003974182557324034,0.004410737319590618
TR-044287,Mobile,Richmond,31.80442,-88.25195,38.09122,-76.78906,944.9,Dry Van,37887.0,2025-10-08,1.03164,1.99996,4729.66,2047.0258079964108,4729.66,2.1663941242421534,5.005460895332839,-2682.6341920035893,2682.6341920035893,7196526.208106751,56.71938769390589,751-1000,4000-6000,30k-40k,Mobile -> Richmond,0.0034417923311878804,0.00410468296598449
TR-044215,Nashville,Tucson,35.29479,-88.08915,30.92733,-113.23037,1770.0,Dry Van,27030.0,2025-10-07,0.96364,2.20342,725.75,3317.612573008342,725.75,1.8743573858804197,0.4100282485875706,2591.862573008342,2591.862573008342,6717751.597361424,357.1288423022173,1501-2000,<1000,20k-30k,Nashville -> Tucson,0.003212814802866721,0.00396579383999212
TR-045425,Mobile,Boston,31.80442,-88.25195,39.27463,-69.5,1402.1,Flatbed,41610.0,2025-10-15,1.00826,1.95345,568.26,3097.4264564367027,568.26,2.2091337682310126,0.4052920619071393,2529.166456436703,2529.166456436703,6396682.964364588,445.0720544181718,1001-1500,<1000,40k-50k,Mobile -> Boston,0.003059261334585224,0.003869862876876802
TR-046980,San Francisco,Green Bay,35.1967,-121.69849,44.30296,-87.52871,2242.7,Reefer,20592.0,2025-10-25,0.88228,2.00185,1955.15,4456.901855595196,1955.15,1.98729293066179,0.8717840103446739,2501.751855595196,2501.751855595196,6258762.346974007,127.95702915864236,>2000,1500-2000,20k-30k,San Francisco -> Green Bay,0.0029932997706972374,0.003827915955664502
TR-046179,Philadelphia,Houston,39.22317,-72.9671,30.71157,-94.7655,1589.7,Dry Van,32848.0,2025-10-20,0.90507,2.21539,643.58,3084.295277091784,643.58,1.940174421017666,0.4048436811977102,2440.715277091784,2440.715277091784,5957091.063829225,379.240386135645,1501-2000,<1000,30k-40k,Philadelphia -> Houston,0.002849023229649182,0.0037345242420899387
TR-045555,Reno,Columbia,39.54838,-118.64843,34.6357,-83.28506,2294.2,Dry Van,25540.0,2025-10-16,1.01971,2.35968,1687.37,4080.585288808964,1687.37,1.7786528152772052,0.7354938540667771,2393.215288808964,2393.215288808964,5727479.418588974,141.8310915098031,>2000,1500-2000,20k-30k,Reno -> Columbia,0.0027392097478544384,0.003661844786437681
TR-045834,Amarillo,Greensboro,33.17137,-104.36789,35.98195,-82.78379,1478.5,Reefer,7483.0,2025-10-18,,1.94687,700.21,3026.225661129337,700.21,2.0468215496309345,0.4735948596550558,2326.015661129337,2326.015661129337,5410348.855818946,332.1882951013748,1001-1500,<1000,<=10k,Amarillo -> Greensboro,0.0025875396910292957,0.0035590230271835602
TR-044524,Tampa,Mobile,28.35765,-86.94782,31.80442,-88.25195,310.0,Dry Van,12098.0,2025-10-09,1.06272,1.70896,2940.49,728.9948849521115,2940.49,2.351596403071328,9.485451612903224,-2211.4951150478882,2211.4951150478882,4890710.643880673,75.20838754928221,251-500,2500-3000,10k-20k,Tampa -> Mobile,0.0023390188406742125,0.003383795806060027
TR-045024,Kansas City,Lexington,39.41104,-91.1245,36.99152,-84.99876,433.4,Reefer,44130.0,2025-10-12,0.90819,1.46865,3362.18,1219.0749766390911,3362.18,2.8128172049817524,7.757683433317951,-2143.1050233609085,2143.1050233609085,4592899.1411547605,63.741531487335855,251-500,3000-4000,40k-50k,Kansas City -> Lexington,0.0021965882683979755,0.0032791525247559887
TR-046426,Raleigh,Columbia,35.37376,-77.47605,34.6357,-83.28506,417.8,Dry Van,44664.0,2025-10-21,0.932,1.86109,2970.76,954.5212115291102,2970.76,2.284636695857133,7.110483484921015,-2016.23878847089,2016.23878847089,4065218.8521345626,67.86946062525718,251-500,2500-3000,40k-50k,Raleigh -> Columbia,0.0019442212347001277,0.0030850352370304064
TR-047657,Memphis,Philadelphia,35.56802,-89.52871,39.22317,-72.9671,1125.7,Reefer,28166.0,2025-10-30,1.02381,1.90722,552.14,2480.563791165796,552.14,2.2035744791381324,0.4904859198720795,1928.423791165796,1928.423791165796,3718818.318334262,349.2635547444119,1001-1500,<1000,20k-30k,Memphis -> Philadelphia,0.0017785525959324083,0.0029506700206805097
TR-045258,Shreveport,Providence,32.54628,-92.31888,37.37287,-69.5,1566.2,Dry Van,26392.0,2025-10-14,0.95762,2.29356,1068.71,2941.988919786579,1068.71,1.8784247987399945,0.6823585748946495,1873.278919786579,1873.278919786579,3509173.9113167725,175.28412008744928,1501-2000,1000-1500,20k-30k,Shreveport -> Providence,0.0016782885947346623,0.0028662931738907423
TR-046142,Charleston,Baton Rouge,34.15334,-79.74475,30.50134,-92.65374,939.7,Reefer,36569.0,2025-10-20,0.85054,1.77181,752.15,2347.694114239507,752.15,2.49834427395925,0.8004150260721506,1595.544114239507,1595.544114239507,2545761.020484333,212.13110606122544,751-1000,<1000,30k-40k,Charleston -> Baton Rouge,0.001217529194498007,0.0024413327641605457
TR-044693,New York,Milwaukee,40.00674,-73.7984,39.6218,-88.48008,914.1,Dry Van,17572.0,2025-10-10,1.07095,2.12622,362.69,1934.9482112422656,362.69,2.1167795768977853,0.3967727819713379,1572.2582112422656,1572.2582112422656,2471995.8828187287,433.49918973290295,751-1000,<1000,10k-20k,New York -> Milwaukee,0.0011822504672642344,0.002405703139493398
TR-047840,Corpus Christi,Madison,28.61374,-95.89569,41.70243,-89.85588,1139.5,Dry Van,35584.0,2025-10-31,0.99829,2.08148,772.61,2344.499154092887,772.61,2.057480609120568,0.6780254497586661,1571.8891540928867,1571.8891540928867,2470835.5127548506,203.45182615975546,1001-1500,<1000,30k-40k,Corpus Christi -> Madison,0.0011816955116270692,0.002405138447296808
TR-045484,Greensboro,Columbia,35.98195,-82.78379,34.6357,-83.28506,153.8,Dry Van,34198.0,2025-10-15,1.00256,1.46388,1971.21,415.2379470050138,1971.21,2.6998566125163443,12.8167100130039,-1555.9720529949864,1555.9720529949864,2421049.0297014327,78.93487010490949,<=250,1500-2000,30k-40k,Greensboro -> Columbia,0.0011578847547959413,0.0023807837835341694
TR-044414,Memphis,Atlanta,35.56802,-89.52871,34.84933,-86.2894,242.4,Dry Van,28320.0,2025-10-08,1.11251,1.52682,2281.75,743.3229309571891,2281.75,3.066513741572562,9.4131600660066,-1538.427069042811,1538.427069042811,2366757.8467636537,67.42312124653493,<=250,2000-2500,20k-30k,Memphis -> Atlanta,0.0011319195916487726,0.002353938305689433
TR-047539,St. Louis,New York,38.38204,-89.88819,40.00674,-73.7984,1041.1,Dry Van,20785.0,2025-10-29,1.07407,2.24529,472.91,1992.0162345773415,472.91,1.9133764619895703,0.4542407069445779,1519.1062345773414,1519.1062345773414,2307683.751931749,321.2252298698148,1001-1500,<1000,20k-30k,St. Louis -> New York,0.0011036669652169703,0.002324375609308609
TR-046778,Hartford,Atlanta,39.55328,-72.18051,34.84933,-86.2894,1001.8,Dry Van,41352.0,2025-10-24,1.00102,2.0499,537.57,2041.1761572061723,537.57,2.0375086416512005,0.5366041125973249,1503.6061572061722,1503.6061572061722,2260831.475988312,279.7042538099544,1001-1500,<1000,40k-50k,Hartford -> Atlanta,0.0010812595148196984,0.002300659031123433
TR-045774,Kansas City,Green Bay,39.41104,-91.1245,44.30296,-87.52871,466.3,Dry Van,32352.0,2025-10-17,1.02308,1.83091,2389.43,1003.0578231622123,2389.43,2.151099770881862,5.124233326184859,-1386.3721768377875,1386.3721768377875,1922027.8127099455,58.02104170608838,251-500,2000-2500,30k-40k,Kansas City -> Green Bay,0.0009192241360370487,0.0021212799999878957
TR-046260,Hartford,Savannah,39.55328,-72.18051,33.60973,-82.29994,829.2,Dry Van,32086.0,2025-10-20,0.84655,2.06317,352.82,1733.3978590033453,352.82,2.090446043178178,0.4254944524843222,1380.5778590033453,1380.5778590033453,1905995.224770261,391.2980723891348,751-1000,<1000,30k-40k,Hartford -> Savannah,0.0009115564312828102,0.002112414147988607
TR-044176,Raleigh,Milwaukee,35.37376,-77.47605,39.6218,-88.48008,796.6,Flatbed,29959.0,2025-10-07,0.96635,2.00347,463.05,1696.8378330132666,463.05,2.1301002171896397,0.5812829525483304,1233.7878330132667,1233.7878330132667,1522232.4168915723,266.4480796918835,751-1000,<1000,20k-30k,Raleigh -> Milwaukee,0.0007280190062868301,0.0018878115834444322
TR-044271,Columbia,Kansas City,34.6357,-83.28506,39.41104,-91.1245,652.1,Reefer,-21645.0,2025-10-08,1.02988,1.78127,313.15,1537.490574509673,313.15,2.357752759560916,0.4802177580125747,1224.340574509673,1224.340574509673,1499009.842390676,390.97575427420503,501-750,<1000,<=10k,Columbia -> Kansas City,0.0007169126368363044,0.0018733563881850328
TR-047614,Dallas,Syracuse,31.83025,-94.38343,42.80915,-76.89973,1396.3,Reefer,43599.0,2025-10-29,0.99665,1.82947,3243.76,4432.804827782317,3243.76,3.1746793867953285,2.323111079280957,1189.044827782317,1189.044827782317,1413827.60247588,36.65637494088086,1001-1500,3000-4000,40k-50k,Dallas -> Syracuse,0.000676173595302364,0.0018193505715159793
TR-044983,Richmond,Fort Wayne,38.09122,-76.78906,41.31561,-85.36206,612.5,Reefer,38633.0,2025-10-12,0.85793,1.74513,313.05,1484.5611581141932,313.05,2.4237733193701114,0.5111020408163266,1171.5111581141932,1171.5111581141932,1372438.3935860582,374.2249347114497,501-750,<1000,30k-40k,Richmond -> Fort Wayne,0.0006563788974673931,0.001792522405591428
TR-047702,Atlanta,Richmond,34.84933,-86.2894,38.09122,-76.78906,670.3,Flatbed,22559.0,2025-10-30,1.03804,1.92827,370.24,1456.1535044453185,370.24,2.172390727204712,0.552349694166791,1085.9135044453185,1085.9135044453185,1179208.1391367128,293.29988776072776,501-750,<1000,20k-30k,Atlanta -> Richmond,0.0005639650871531802,0.0016615499338358008
TR-044614,Tampa,Mobile,28.35765,-86.94782,31.80442,-88.25195,307.6,Reefer,47500.0,2025-10-10,1.00233,1.21994,2094.59,1028.524446175078,2094.59,3.343707562337704,6.80946033810143,-1066.065553824922,1066.065553824922,1136495.7650520378,50.89614453544235,251-500,2000-2500,40k-50k,Tampa -> Mobile,0.0005435375756955187,0.0016311807000937992
TR-044015,Atlanta,Richmond,34.84933,-86.2894,38.09122,-76.78906,663.0,Dry Van,25537.0,2025-10-06,0.90089,2.08144,337.89,1368.848767640865,337.89,2.064628608809751,0.5096380090497737,1030.958767640865,1030.958767640865,1062875.9805755713,305.11668520550035,501-750,<1000,20k-30k,Atlanta -> Richmond,0.0005083283647085046,0.0015774640108524188
TR-044891,Shreveport,Cincinnati,32.54628,-92.31888,37.15706,-86.77499,546.7,Dry Van,40678.0,2025-10-12,0.85485,1.90393,432.52,1368.799159120192,432.52,2.503748233254421,0.7911468812877263,936.2791591201919,936.2791591201919,876618.6638028137,216.4707202256987,501-750,<1000,40k-50k,Shreveport -> Cincinnati,0.0004192494138427427,0.0014325952928291726
TR-044797,Dallas,Fort Wayne,31.83025,-94.38343,41.31561,-85.36206,957.4,Reefer,35119.0,2025-10-11,0.91632,1.7272,2296.11,3213.710635595655,2296.11,3.356706325042464,2.398276582410696,917.6006355956547,917.6006355956547,841990.9264455495,39.96326986057526,751-1000,2000-2500,30k-40k,Dallas -> Fort Wayne,0.0004026884401957122,0.001404015392681234
TR-043435,New York,Detroit,40.00674,-73.7984,43.61923,-84.04517,704.9,Dry Van,42448.0,2025-10-02,0.93671,2.12987,574.1,1487.0083829154382,574.1,2.109530973067724,0.8144417647893318,912.9083829154382,912.9083829154382,833401.7155972803,159.01556922407912,501-750,<1000,40k-50k,New York -> Detroit,0.000398580586048634,0.001396835804161118
TR-045060,Raleigh,Columbia,35.37376,-77.47605,34.6357,-83.28506,420.9,Reefer,29726.0,2025-10-13,0.83227,1.72737,183.77,1090.0668625131914,183.77,2.589847618230438,0.4366120218579235,906.2968625131914,906.2968625131914,821374.0030012545,493.16910405027556,251-500,<1000,20k-30k,Raleigh -> Columbia,0.0003928282427961213,0.0013867195552684233
TR-044569,Corpus Christi,Syracuse,28.61374,-95.89569,42.80915,-76.89973,1751.0,Dry Van,41770.0,2025-10-09,1.05401,2.17507,3521.35,4396.874160839961,3521.35,2.511064626407745,2.011050828098229,875.5241608399615,875.5241608399615,766542.5562145187,24.863309834011428,1501-2000,3000-4000,40k-50k,Corpus Christi -> Syracuse,0.00036660469443386623,0.0013396344235154839
TR-043691,New York,Greensboro,40.00674,-73.7984,35.98195,-82.78379,693.1,Flatbed,23068.0,2025-10-04,0.93519,1.99175,548.16,1404.099611211276,548.16,2.025825438192578,0.7908815466743615,855.939611211276,855.939611211276,732632.6180405102,156.1477691205626,501-750,<1000,20k-30k,New York -> Greensboro,0.0003503870135996208,0.0013096682180980754
TR-046720,Syracuse,Raleigh,42.80915,-76.89973,35.37376,-77.47605,616.7,Flatbed,30145.0,2025-10-23,1.01847,1.8847,572.98,1426.9859428165423,572.98,2.313906182611549,0.9291065347819036,854.0059428165423,854.0059428165423,729326.1503659713,149.04637907370977,501-750,<1000,30k-40k,Syracuse -> Raleigh,0.00034880567077442146,0.0013067095233399958
TR-044606,San Francisco,Charleston,35.1967,-121.69849,34.15334,-79.74475,2752.5,Flatbed,32883.0,2025-10-10,1.01812,2.14737,5539.54,6353.17345855935,5539.54,2.308146578949809,2.012548592188919,813.6334585593504,813.6334585593504,661999.4048872502,14.687744082709944,>2000,4000-6000,30k-40k,San Francisco -> Charleston,0.00031660615262197353,0.0012449358201198771
TR-044671,Tampa,Baton Rouge,28.35765,-86.94782,30.50134,-92.65374,444.7,Dry Van,22553.0,2025-10-10,0.99589,1.83416,200.31,1004.5575074347124,200.31,2.2589554923200192,0.4504384978637283,804.2475074347124,804.2475074347124,646814.0532149477,401.50142650627146,251-500,<1000,20k-30k,Tampa -> Baton Rouge,0.0003093436449313538,0.0012305744309242482
TR-047899,Syracuse,Grand Rapids,42.80915,-76.89973,43.438,-86.29173,559.2,Dry Van,45220.0,2025-10-31,0.99677,1.94876,389.18,1181.7652990449285,389.18,2.113314197147583,0.6959585121602289,792.5852990449284,792.5852990449284,628191.4562621387,203.65519786343808,501-750,<1000,40k-50k,Syracuse -> Grand Rapids,0.0003004372490501328,0.0012127301537335684
TR-045183,Los Angeles,Syracuse,28.56624,-116.70249,42.80915,-76.89973,2818.8,Reefer,36904.0,2025-10-13,0.84631,2.15664,5708.0,6453.813124028742,5708.0,2.2895604952564006,2.024975166737619,745.8131240287421,745.8131240287421,556237.2159735118,13.066102383124424,>2000,4000-6000,30k-40k,Los Angeles -> Syracuse,0.00026602459699269,0.0011411643209251836
TR-047675,Reno,Charleston,39.54838,-118.64843,34.15334,-79.74475,2592.4,Flatbed,31447.0,2025-10-30,1.03189,2.14096,5216.72,5945.41586131613,5216.72,2.293402199242451,2.0123129146736614,728.6958613161296,728.6958613161296,530997.658299256,13.968467951435567,>2000,4000-6000,30k-40k,Reno -> Charleston,0.0002539535902967133,0.0011149732968600405
TR-047652,Dallas,Lexington,31.83025,-94.38343,36.99152,-84.99876,768.6,Reefer,29399.0,2025-10-30,1.0301,1.70072,1898.3,2604.9501805518594,1898.3,3.3892143905176413,2.4698152485037728,706.6501805518594,706.6501805518594,499354.4776739755,37.225421722165066,751-1000,1500-2000,20k-30k,Dallas -> Lexington,0.00023882000316577243,0.001081241329014269
TR-046857,Bakersfield,Dayton,33.28832,-116.67935,39.87206,-85.62931,2091.6,Dry Van,15911.0,2025-10-24,1.00343,2.29461,3778.16,4461.332799926029,3778.16,2.1329760948202474,1.8063492063492064,683.1727999260293,683.1727999260293,466725.0745587704,18.082156391630562,>2000,3000-4000,10k-20k,Bakersfield -> Dayton,0.00022321474777371356,0.0010453187255418945
TR-044312,Mobile,Houston,31.80442,-88.25195,30.71157,-94.7655,478.4,Dry Van,22177.0,2025-10-08,1.02633,1.88619,411.17,1081.2149959937187,411.17,2.26006479095677,0.8594690635451506,670.0449959937187,670.0449959937187,448960.29665622243,162.9605749431424,251-500,<1000,20k-30k,Mobile -> Houston,0.00021471861025095022,0.001025231949140415
TR-045811,Dallas,Columbia,31.83025,-94.38343,34.6357,-83.28506,811.9,Reefer,41697.0,2025-10-17,0.98424,1.66167,2040.75,2710.035107045508,2040.75,3.3378927294562235,2.513548466559921,669.2851070455081,669.2851070455081,447942.55451291724,32.796036116403684,751-1000,2000-2500,40k-50k,Dallas -> Columbia,0.00021423186748052738,0.0010240692474828214
TR-043255,Salt Lake City,Fort Wayne,35.03488,-113.18895,41.31561,-85.36206,1837.0,Reefer,30272.0,2025-10-01,0.91965,2.06652,3773.93,4433.100588001441,3773.93,2.4132284093638763,2.054398475775721,659.170588001441,659.170588001441,434505.86408616556,17.46642327762945,1501-2000,3000-4000,30k-40k,Salt Lake City -> Fort Wayne,0.0002078056700722217,0.0010085930807534696
TR-043148,Phoenix,Dayton,28.75668,-115.87725,39.87206,-85.62931,2211.8,Dry Van,27536.0,2025-10-01,0.89734,2.37047,4001.45,4653.0862051163695,4001.45,2.103755405152532,1.8091373541911564,651.6362051163696,651.6362051163696,424629.74381846335,16.285001814751393,>2000,4000-6000,20k-30k,Phoenix -> Dayton,0.0002030823418974454,0.0009970647653462692
TR-045372,Salt Lake City,Fort Wayne,35.03488,-113.18895,41.31561,-85.36206,1763.5,Flatbed,39016.0,2025-10-15,1.00081,2.13192,3554.36,4195.52747126498,3554.36,2.3790912794244288,2.015514601644457,641.1674712649797,641.1674712649797,411095.7262083285,18.038900709691184,1501-2000,3000-4000,30k-40k,Salt Lake City -> Fort Wayne,0.00019660959703781425,0.0009810466166015341
TR-044758,Washington,San Antonio,38.87577,-77.05086,29.50969,-98.40059,1591.9,Dry Van,33646.0,2025-10-11,0.95025,2.17584,3226.88,3853.668794690483,3226.88,2.420798288014626,2.027062001381996,626.788794690483,626.788794690483,392864.19314954843,19.42398833208805,1501-2000,3000-4000,30k-40k,Washington -> San Antonio,0.00018789023038049256,0.0009590458872495175
TR-046644,Dayton,San Francisco,39.87206,-85.62931,35.1967,-121.69849,2416.0,Reefer,36653.0,2025-10-23,1.08204,1.88368,5367.21,4741.099233708648,5367.21,1.9623755106409968,2.2215273178807946,-626.1107662913519,626.1107662913519,392014.6916659438,11.665479202255023,>2000,4000-6000,30k-40k,Dayton -> San Francisco,0.00018748394996032132,0.0009580084399416948
TR-044556,Milwaukee,Greensboro,39.6218,-88.48008,35.98195,-82.78379,455.6,Dry Van,25324.0,2025-10-09,1.05617,1.95438,367.67,986.1682880635703,367.67,2.164548481263324,0.8070017559262511,618.4982880635703,618.4982880635703,382540.13233756716,168.2210373605598,251-500,<1000,20k-30k,Milwaukee -> Greensboro,0.00018295267129964508,0.000946360631305078
TR-046045,Salt Lake City,Mobile,35.03488,-113.18895,31.80442,-88.25195,1684.7,Dry Van,13009.0,2025-10-19,0.85678,2.25794,3192.96,3805.481557526505,3192.96,2.2588481970241023,1.895269187392414,612.5215575265051,612.5215575265051,375182.65843469574,19.18350237793474,1501-2000,3000-4000,10k-20k,Salt Lake City -> Mobile,0.00017943390453307762,0.0009372156706910303
TR-045689,Dallas,St. Louis,31.83025,-94.38343,38.38204,-89.88819,612.5,Reefer,32712.0,2025-10-17,1.05219,1.55323,1598.45,2201.4745837739874,1598.45,3.59424421840651,2.609714285714286,603.0245837739874,603.0245837739874,363638.64863579074,37.72558314454549,501-750,1500-2000,30k-40k,Dallas -> St. Louis,0.0001739128957507749,0.0009226844064185628
TR-046063,Tucson,Phoenix,30.92733,-113.23037,28.75668,-115.87725,273.9,Reefer,31724.0,2025-10-19,0.86925,1.50695,166.3,761.3967703758193,166.3,2.77983486811179,0.6071558963125229,595.0967703758192,595.0967703758192,354140.1661117305,357.84532193374577,251-500,<1000,30k-40k,Tucson -> Phoenix,0.00016937017564334225,0.0009105541052727848
TR-046488,Reno,Dayton,39.54838,-118.64843,39.87206,-85.62931,1985.8,Dry Van,26197.0,2025-10-22,0.96062,2.28735,3678.77,4263.277690889182,3678.77,2.146881705554025,1.8525380199415853,584.507690889182,584.507690889182,341649.24070860347,15.888671781306849,1501-2000,3000-4000,20k-30k,Reno -> Dayton,0.00016339629741116214,0.0008943518163718918
TR-043660,Corpus Christi,Syracuse,28.61374,-95.89569,42.80915,-76.89973,1669.4,Dry Van,41048.0,2025-10-04,0.96225,2.08946,3412.66,3976.564092804149,3412.66,2.382031923328231,2.044243440757158,563.9040928041491,563.9040928041491,317987.82588127034,16.523887313829945,1501-2000,3000-4000,40k-50k,Corpus Christi -> Syracuse,0.00015208004930161836,0.0008628263708416306
TR-044147,Jacksonville,Reno,31.98691,-84.48897,39.54838,-118.64843,2336.4,Reefer,44191.0,2025-10-07,0.98307,1.96964,5058.57,4495.9455671282685,5058.57,1.9243047282692467,2.1651129943502823,-562.6244328717312,562.6244328717312,316546.25246423716,11.122203169507019,>2000,4000-6000,40k-50k,Jacksonville -> Reno,0.00015139060606357386,0.0008608683706258333
TR-043583,Mobile,Los Angeles,31.80442,-88.25195,28.56624,-116.70249,2013.9,Reefer,23126.0,2025-10-03,1.04574,2.06476,4179.42,4740.709101195865,4179.42,2.353994290280483,2.075286757038582,561.2891011958645,561.2891011958645,315045.4551212615,13.429832397697874,>2000,4000-6000,20k-30k,Mobile -> Los Angeles,0.0001506728385412515,0.0008588251873993585
TR-047980,Bakersfield,New York,33.28832,-116.67935,40.00674,-73.7984,2784.4,Reefer,27940.0,2025-10-31,0.96914,2.13937,5609.53,5049.825715498877,5609.53,1.813613602750638,2.01462792702198,-559.7042845011229,559.7042845011229,313268.8860889139,9.977739391733762,>2000,4000-6000,20k-30k,Bakersfield -> New York,0.0001498231811517638,0.000856400268597345
TR-046945,Fresno,Atlanta,33.07921,-119.79528,34.84933,-86.2894,2179.5,Dry Van,-25999.0,2025-10-25,0.9157,2.33976,4059.09,4613.821871085728,4059.09,2.1169175825123783,1.862395044735031,554.731871085728,554.731871085728,307727.44879827276,13.666409739269836,>2000,4000-6000,<=10k,Fresno -> Atlanta,0.0001471729474391147,0.0008487920077666873
TR-046910,Phoenix,Dayton,28.75668,-115.87725,39.87206,-85.62931,2176.1,Dry Van,30597.0,2025-10-25,0.9188,2.32309,4007.86,4556.481539864907,4007.86,2.09387507001742,1.841762786636644,548.6215398649069,548.6215398649069,300985.5940037417,13.688640318397022,>2000,4000-6000,30k-40k,Phoenix -> Dayton,0.0001439486051024384,0.0008394426255238943
TR-046400,Indianapolis,Madison,38.52567,-88.85948,41.70243,-89.85588,276.6,Dry Van,37250.0,2025-10-21,0.96998,1.69163,123.32,670.2759745822543,123.32,2.423268165517911,0.4458423716558206,546.9559745822544,546.9559745822544,299160.8381312237,443.5257659603101,251-500,<1000,30k-40k,Indianapolis -> Madison,0.0001430759019972586,0.000836894153777423
TR-045738,Tampa,San Francisco,28.35765,-86.94782,35.1967,-121.69849,2427.9,Reefer,35406.0,2025-10-17,0.97532,1.96903,5336.8,4790.254462917377,5336.8,1.973003197379372,2.1981135961118663,-546.545537082623,546.545537082623,298712.02410493285,10.24107212341896,>2000,4000-6000,30k-40k,Tampa -> San Francisco,0.00014286125334190078,0.0008362661457477185
TR-044890,Grand Rapids,San Antonio,43.438,-86.29173,29.50969,-98.40059,1415.1,Dry Van,35126.0,2025-10-12,0.85001,2.17256,2799.64,3345.7783157482368,2799.64,2.364340552433211,1.9784043530492543,546.1383157482369,546.1383157482369,298267.0599283209,19.507447948601854,1001-1500,2500-3000,30k-40k,Grand Rapids -> San Antonio,0.0001426484459058643,0.0008356430587537397
