load_id,pickup,delivery,equipment,distance,weight,actual_rate,predicted_rate,error,absolute_error
TR-046214,Columbia,Tucson,Flatbed,2023.4,34710.0,17893.17,4142.101121782876,-13751.068878217122,13751.068878217122
TR-043540,Milwaukee,Bakersfield,Dry Van,1893.0,30760.0,17514.11,3826.978997665447,-13687.131002334554,13687.131002334554
TR-047299,Boston,Bakersfield,Reefer,2979.1,30585.0,19110.3,6008.5269572532925,-13101.773042746707,13101.773042746707
TR-046517,Toledo,Albuquerque,Reefer,1684.3,31536.0,14784.38,3544.979250315233,-11239.400749684766,11239.400749684766
TR-046367,Bakersfield,Columbia,Dry Van,2251.9,40729.0,14403.14,4290.755374291115,-10112.384625708884,10112.384625708884
TR-047537,Los Angeles,Richmond,Dry Van,2782.4,25730.0,15003.55,4947.085191465496,-10056.464808534503,10056.464808534503
TR-044268,Albany,Albuquerque,Dry Van,2492.6,25513.0,14425.42,4408.493574942845,-10016.926425057154,10016.926425057154
TR-043303,Atlanta,Phoenix,Reefer,2083.1,40335.0,13894.55,4175.292771646343,-9719.257228353657,9719.257228353657
TR-043385,Lexington,Lubbock,Dry Van,1187.0,25359.0,11696.44,2331.6835891085934,-9364.756410891407,9364.756410891407
TR-047587,Corpus Christi,Las Vegas,Flatbed,1383.3,18645.0,11596.28,2624.9712667903823,-8971.308733209618,8971.308733209618
TR-044345,Lexington,Albany,Dry Van,1040.0,36569.0,10566.25,2116.7936508212906,-8449.456349178708,8449.456349178708
TR-043887,Shreveport,Baltimore,Reefer,1348.4,25462.0,11052.72,3008.171479151996,-8044.548520848003,8044.548520848003
TR-045820,Atlanta,Baltimore,Dry Van,940.4,30598.0,9522.01,1896.6959920111049,-7625.314007988895,7625.314007988895
TR-043643,Milwaukee,Baltimore,Dry Van,985.2,16150.0,8236.26,1900.8008744350288,-6335.459125564971,6335.459125564971
TR-045286,Providence,Baton Rouge,Dry Van,1590.7,30170.0,9208.2,3079.5024394896686,-6128.697560510333,6128.697560510333
TR-046668,Albuquerque,Lexington,Dry Van,1643.6,21757.0,9305.14,3182.6663651505078,-6122.473634849492,6122.473634849492
TR-047821,Los Angeles,Little Rock,Reefer,1722.4,41796.0,9939.89,3858.906948621805,-6080.983051378194,6080.983051378194
TR-044162,Baton Rouge,Detroit,Flatbed,1189.2,31603.0,8425.34,2367.002325667407,-6058.337674332593,6058.337674332593
TR-047662,Phoenix,Oklahoma City,Dry Van,1261.3,35825.0,8276.0,2550.3970912784293,-5725.60290872157,5725.60290872157
TR-045174,Corpus Christi,Atlanta,Dry Van,832.1,47500.0,7004.3,1757.6956167903204,-5246.60438320968,5246.60438320968
TR-043185,Fort Wayne,Atlanta,Reefer,548.4,26544.0,6477.13,1320.5547307653487,-5156.575269234651,5156.575269234651
TR-046614,Little Rock,Buffalo,Flatbed,1038.6,18497.0,7151.41,2096.982430790766,-5054.427569209234,5054.427569209234
TR-043727,Reno,Toledo,Dry Van,2117.6,25124.0,8592.93,3696.42086479259,-4896.5091352074105,4896.5091352074105
TR-047993,Cincinnati,Mobile,Reefer,457.0,34524.0,5561.19,1154.6716792611487,-4406.518320738851,4406.518320738851
TR-044503,Columbia,Shreveport,Dry Van,650.2,21435.0,5511.27,1364.6570268702735,-4146.612973129727,4146.612973129727
TR-043917,Nashville,Dayton,Dry Van,424.2,25622.0,4646.65,929.3152017655276,-3717.334798234472,3717.334798234472
TR-045988,Hartford,Fort Wayne,Flatbed,832.2,33558.0,5308.55,1774.7280727047955,-3533.8219272952047,3533.8219272952047
TR-046174,Philadelphia,El Paso,Dry Van,2490.9,22411.0,880.13,4328.088501933658,3447.958501933658,3447.958501933658
TR-046731,Kansas City,Atlanta,Dry Van,479.3,36432.0,4635.85,1207.7917796898769,-3428.0582203101235,3428.0582203101235
TR-047504,Bakersfield,Montgomery,Reefer,2063.5,18258.0,880.04,4248.498509876052,3368.4585098760517,3368.4585098760517
TR-045022,Jacksonville,Reno,Flatbed,2304.8,32119.0,1384.9,4689.451170819085,3304.5511708190847,3304.5511708190847
TR-044423,Montgomery,Raleigh,Dry Van,679.7,33249.0,4747.88,1459.9084566038584,-3287.971543396142,3287.971543396142
TR-043705,New York,Austin,Reefer,1943.2,37091.0,785.33,3970.86321718774,3185.53321718774,3185.53321718774
TR-046583,Columbia,Shreveport,Reefer,645.1,13316.0,4892.72,1726.5890048469223,-3166.130995153078,3166.130995153078
TR-045419,Savannah,Dayton,Reefer,566.1,30448.0,4350.23,1336.1252795488635,-3014.104720451136,3014.104720451136
TR-046671,Grand Rapids,Tucson,Dry Van,2021.2,38462.0,849.97,3813.577956433856,2963.607956433856,2963.607956433856
TR-043674,Milwaukee,Los Angeles,Flatbed,2071.4,44838.0,1274.95,4157.607404612029,2882.6574046120295,2882.6574046120295
TR-044287,Mobile,Richmond,Dry Van,944.9,37887.0,4729.66,2047.0258079964108,-2682.6341920035893,2682.6341920035893
TR-044215,Nashville,Tucson,Dry Van,1770.0,27030.0,725.75,3317.612573008342,2591.862573008342,2591.862573008342
TR-045425,Mobile,Boston,Flatbed,1402.1,41610.0,568.26,3097.4264564367027,2529.166456436703,2529.166456436703
TR-046980,San Francisco,Green Bay,Reefer,2242.7,20592.0,1955.15,4456.901855595196,2501.751855595196,2501.751855595196
TR-046179,Philadelphia,Houston,Dry Van,1589.7,32848.0,643.58,3084.295277091784,2440.715277091784,2440.715277091784
TR-045555,Reno,Columbia,Dry Van,2294.2,25540.0,1687.37,4080.585288808964,2393.215288808964,2393.215288808964
TR-045834,Amarillo,Greensboro,Reefer,1478.5,7483.0,700.21,3026.225661129337,2326.015661129337,2326.015661129337
TR-044524,Tampa,Mobile,Dry Van,310.0,12098.0,2940.49,728.9948849521115,-2211.4951150478882,2211.4951150478882
TR-045024,Kansas City,Lexington,Reefer,433.4,44130.0,3362.18,1219.0749766390911,-2143.1050233609085,2143.1050233609085
TR-046426,Raleigh,Columbia,Dry Van,417.8,44664.0,2970.76,954.5212115291102,-2016.23878847089,2016.23878847089
TR-047657,Memphis,Philadelphia,Reefer,1125.7,28166.0,552.14,2480.563791165796,1928.423791165796,1928.423791165796
TR-045258,Shreveport,Providence,Dry Van,1566.2,26392.0,1068.71,2941.988919786579,1873.278919786579,1873.278919786579
TR-046142,Charleston,Baton Rouge,Reefer,939.7,36569.0,752.15,2347.694114239507,1595.544114239507,1595.544114239507
TR-044693,New York,Milwaukee,Dry Van,914.1,17572.0,362.69,1934.9482112422656,1572.2582112422656,1572.2582112422656
TR-047840,Corpus Christi,Madison,Dry Van,1139.5,35584.0,772.61,2344.499154092887,1571.8891540928867,1571.8891540928867
TR-045484,Greensboro,Columbia,Dry Van,153.8,34198.0,1971.21,415.2379470050138,-1555.9720529949864,1555.9720529949864
TR-044414,Memphis,Atlanta,Dry Van,242.4,28320.0,2281.75,743.3229309571891,-1538.427069042811,1538.427069042811
TR-047539,St. Louis,New York,Dry Van,1041.1,20785.0,472.91,1992.0162345773415,1519.1062345773414,1519.1062345773414
TR-046778,Hartford,Atlanta,Dry Van,1001.8,41352.0,537.57,2041.1761572061723,1503.6061572061722,1503.6061572061722
TR-045774,Kansas City,Green Bay,Dry Van,466.3,32352.0,2389.43,1003.0578231622123,-1386.3721768377875,1386.3721768377875
TR-046260,Hartford,Savannah,Dry Van,829.2,32086.0,352.82,1733.3978590033453,1380.5778590033453,1380.5778590033453
TR-044176,Raleigh,Milwaukee,Flatbed,796.6,29959.0,463.05,1696.8378330132666,1233.7878330132667,1233.7878330132667
TR-044271,Columbia,Kansas City,Reefer,652.1,-21645.0,313.15,1537.490574509673,1224.340574509673,1224.340574509673
TR-047614,Dallas,Syracuse,Reefer,1396.3,43599.0,3243.76,4432.804827782317,1189.044827782317,1189.044827782317
TR-044983,Richmond,Fort Wayne,Reefer,612.5,38633.0,313.05,1484.5611581141932,1171.5111581141932,1171.5111581141932
TR-047702,Atlanta,Richmond,Flatbed,670.3,22559.0,370.24,1456.1535044453185,1085.9135044453185,1085.9135044453185
TR-044614,Tampa,Mobile,Reefer,307.6,47500.0,2094.59,1028.524446175078,-1066.065553824922,1066.065553824922
TR-044015,Atlanta,Richmond,Dry Van,663.0,25537.0,337.89,1368.848767640865,1030.958767640865,1030.958767640865
TR-044891,Shreveport,Cincinnati,Dry Van,546.7,40678.0,432.52,1368.799159120192,936.2791591201919,936.2791591201919
TR-044797,Dallas,Fort Wayne,Reefer,957.4,35119.0,2296.11,3213.710635595655,917.6006355956547,917.6006355956547
TR-043435,New York,Detroit,Dry Van,704.9,42448.0,574.1,1487.0083829154382,912.9083829154382,912.9083829154382
TR-045060,Raleigh,Columbia,Reefer,420.9,29726.0,183.77,1090.0668625131914,906.2968625131914,906.2968625131914
TR-044569,Corpus Christi,Syracuse,Dry Van,1751.0,41770.0,3521.35,4396.874160839961,875.5241608399615,875.5241608399615
TR-043691,New York,Greensboro,Flatbed,693.1,23068.0,548.16,1404.099611211276,855.939611211276,855.939611211276
TR-046720,Syracuse,Raleigh,Flatbed,616.7,30145.0,572.98,1426.9859428165423,854.0059428165423,854.0059428165423
TR-044606,San Francisco,Charleston,Flatbed,2752.5,32883.0,5539.54,6353.17345855935,813.6334585593504,813.6334585593504
TR-044671,Tampa,Baton Rouge,Dry Van,444.7,22553.0,200.31,1004.5575074347124,804.2475074347124,804.2475074347124
TR-047899,Syracuse,Grand Rapids,Dry Van,559.2,45220.0,389.18,1181.7652990449285,792.5852990449284,792.5852990449284
TR-045183,Los Angeles,Syracuse,Reefer,2818.8,36904.0,5708.0,6453.813124028742,745.8131240287421,745.8131240287421
TR-047675,Reno,Charleston,Flatbed,2592.4,31447.0,5216.72,5945.41586131613,728.6958613161296,728.6958613161296
TR-047652,Dallas,Lexington,Reefer,768.6,29399.0,1898.3,2604.9501805518594,706.6501805518594,706.6501805518594
TR-046857,Bakersfield,Dayton,Dry Van,2091.6,15911.0,3778.16,4461.332799926029,683.1727999260293,683.1727999260293
TR-044312,Mobile,Houston,Dry Van,478.4,22177.0,411.17,1081.2149959937187,670.0449959937187,670.0449959937187
TR-045811,Dallas,Columbia,Reefer,811.9,41697.0,2040.75,2710.035107045508,669.2851070455081,669.2851070455081
TR-043255,Salt Lake City,Fort Wayne,Reefer,1837.0,30272.0,3773.93,4433.100588001441,659.170588001441,659.170588001441
TR-043148,Phoenix,Dayton,Dry Van,2211.8,27536.0,4001.45,4653.0862051163695,651.6362051163696,651.6362051163696
TR-045372,Salt Lake City,Fort Wayne,Flatbed,1763.5,39016.0,3554.36,4195.52747126498,641.1674712649797,641.1674712649797
TR-044758,Washington,San Antonio,Dry Van,1591.9,33646.0,3226.88,3853.668794690483,626.788794690483,626.788794690483
TR-046644,Dayton,San Francisco,Reefer,2416.0,36653.0,5367.21,4741.099233708648,-626.1107662913519,626.1107662913519
TR-044556,Milwaukee,Greensboro,Dry Van,455.6,25324.0,367.67,986.1682880635703,618.4982880635703,618.4982880635703
TR-046045,Salt Lake City,Mobile,Dry Van,1684.7,13009.0,3192.96,3805.481557526505,612.5215575265051,612.5215575265051
TR-045689,Dallas,St. Louis,Reefer,612.5,32712.0,1598.45,2201.4745837739874,603.0245837739874,603.0245837739874
TR-046063,Tucson,Phoenix,Reefer,273.9,31724.0,166.3,761.3967703758193,595.0967703758192,595.0967703758192
TR-046488,Reno,Dayton,Dry Van,1985.8,26197.0,3678.77,4263.277690889182,584.507690889182,584.507690889182
TR-043660,Corpus Christi,Syracuse,Dry Van,1669.4,41048.0,3412.66,3976.564092804149,563.9040928041491,563.9040928041491
TR-044147,Jacksonville,Reno,Reefer,2336.4,44191.0,5058.57,4495.9455671282685,-562.6244328717312,562.6244328717312
TR-043583,Mobile,Los Angeles,Reefer,2013.9,23126.0,4179.42,4740.709101195865,561.2891011958645,561.2891011958645
TR-047980,Bakersfield,New York,Reefer,2784.4,27940.0,5609.53,5049.825715498877,-559.7042845011229,559.7042845011229
TR-046945,Fresno,Atlanta,Dry Van,2179.5,-25999.0,4059.09,4613.821871085728,554.731871085728,554.731871085728
TR-046910,Phoenix,Dayton,Dry Van,2176.1,30597.0,4007.86,4556.481539864907,548.6215398649069,548.6215398649069
TR-046400,Indianapolis,Madison,Dry Van,276.6,37250.0,123.32,670.2759745822543,546.9559745822544,546.9559745822544
TR-045738,Tampa,San Francisco,Reefer,2427.9,35406.0,5336.8,4790.254462917377,-546.545537082623,546.545537082623
TR-044890,Grand Rapids,San Antonio,Dry Van,1415.1,35126.0,2799.64,3345.7783157482368,546.1383157482369,546.1383157482369
